Gene,Score,Source
RPLP0,1.0,IntOGen
RPL13A,1.0,NCG
PRKCA,1.0,OnGene
IGF1R,1.0,"OncoKB, OnGene, NCG, IntOGen"
PTK2,1.0,NCG
HSP90AB1,1.0,"OncoKB, NCG, IntOGen"
HSPA8,1.0,IntOGen
EEF1A1,1.0,"OnGene, NCG, IntOGen"
RPL23,1.0,OnGene
RPS2,1.0,"NCG, IntOGen"
PARD3,1.0,"NCG, IntOGen"
RHOA,0.9999999,"OncoKB, OnGene, NCG, IntOGen"
TBL1XR1,0.9999999,"OncoKB, NCG, IntOGen"
TXNRD1,0.9999999,IntOGen
HLA-DRA,0.99999964,IntOGen
GALNT2,0.9999993,IntOGen
RPL11,0.99999905,IntOGen
GNAS,0.99999845,"OncoKB, OnGene, NCG, IntOGen"
HLA-B,0.99999666,"OncoKB, NCG, IntOGen"
NR3C1,0.99999595,"NCG, IntOGen"
HSP90AA1,0.9999957,"OncoKB, IntOGen"
HDAC4,0.99999344,"OncoKB, IntOGen"
MAPKAP1,0.99998915,OncoKB
EIF4A1,0.9999802,"NCG, IntOGen"
RPS27,0.99997675,NCG
PRKDC,0.99997556,"OncoKB, NCG, IntOGen"
ROBO1,0.99997354,"OncoKB, IntOGen"
RCC1,0.99996066,"NCG, IntOGen"
FAF1,0.99992275,OncoKB
LRP8,0.9999114,IntOGen
ROCK2,0.9999038,IntOGen
RPL29,0.99989367,NCG
NCOR1,0.99987173,"OncoKB, NCG, IntOGen"
GSK3B,0.9998673,"OncoKB, IntOGen"
HUWE1,0.999864,"NCG, IntOGen"
VAV2,0.9998636,"OncoKB, OnGene, IntOGen"
RPTOR,0.99984217,"OncoKB, NCG"
HMGB1,0.9997906,"NCG, IntOGen"
RPL28,0.9997893,NCG
RPL34,0.9997799,NCG
NUP155,0.9997247,IntOGen
MAD1L1,0.99971503,IntOGen
PPP2R1A,0.9997137,"OncoKB, OnGene, NCG, IntOGen"
ITGB1,0.9996809,IntOGen
NUP160,0.9996803,IntOGen
LAMA5,0.9996698,IntOGen
GNB1,0.9996489,"OncoKB, NCG, IntOGen"
ITPR1,0.9996408,IntOGen
RPL19,0.9996145,IntOGen
TRIM28,0.99961394,"OnGene, NCG, IntOGen"
HLA-DRB1,0.9995715,"NCG, IntOGen"
FDPS,0.999521,"OnGene, IntOGen"
TBC1D4,0.99949884,IntOGen
RHEB,0.9994802,"OncoKB, NCG"
HLA-C,0.9994634,"OncoKB, IntOGen"
KMT2C,0.99946207,"OncoKB, NCG, IntOGen"
SIN3A,0.99943453,"NCG, IntOGen"
PPP2R2A,0.999405,"OncoKB, IntOGen"
POLA1,0.99939966,IntOGen
POLR2B,0.9993524,IntOGen
YWHAG,0.9993482,OnGene
PHC1,0.9993357,IntOGen
TRAPPC9,0.9993241,IntOGen
PAPOLA,0.9992047,IntOGen
PXN,0.9991825,IntOGen
WNK1,0.9991788,"NCG, IntOGen"
HSPA5,0.9991554,OnGene
MCM4,0.99914336,IntOGen
UVRAG,0.9991147,IntOGen
KMT2E,0.99910766,"NCG, IntOGen"
EGFR,0.9991048,"OncoKB, OnGene, NCG, IntOGen"
ITCH,0.99903643,"NCG, IntOGen"
SRPK1,0.9990144,IntOGen
XPO1,0.999003,"OncoKB, NCG, IntOGen"
NUP214,0.99896467,"OncoKB, OnGene, NCG, IntOGen"
TRAF3,0.9989512,"OncoKB, NCG, IntOGen"
DYNC1H1,0.9989191,IntOGen
GANAB,0.9988821,IntOGen
RNF4,0.99885476,NCG
HIPK2,0.9988463,NCG
TCP1,0.9987936,OnGene
SREBF1,0.99867463,OnGene
HSPG2,0.99865556,"NCG, IntOGen"
RBBP4,0.99864596,IntOGen
NLK,0.9985775,IntOGen
MNAT1,0.9985531,"OnGene, NCG"
NSMCE2,0.9985482,NCG
COL5A1,0.9985392,"NCG, IntOGen"
PRKCI,0.99853504,"OncoKB, OnGene, NCG, IntOGen"
RPS15,0.99851555,"OncoKB, NCG, IntOGen"
KPNB1,0.9983279,"NCG, IntOGen"
HDAC2,0.9983069,"OncoKB, NCG"
RFC3,0.9980933,"OnGene, IntOGen"
MARK2,0.9980565,"NCG, IntOGen"
MCM7,0.99804187,"NCG, IntOGen"
YAP1,0.99799734,"OncoKB, OnGene"
NEK7,0.99792224,IntOGen
RBBP8,0.99774003,IntOGen
PLCB4,0.9975495,"NCG, IntOGen"
MYL12A,0.9974546,NCG
UNC13B,0.99738723,IntOGen
INPPL1,0.99724233,"OncoKB, OnGene, NCG, IntOGen"
MYBL2,0.99718934,"NCG, IntOGen"
RAC2,0.99717546,"OncoKB, IntOGen"
RPRD1A,0.9971507,IntOGen
RAB5B,0.9966988,IntOGen
RAP1B,0.99669075,IntOGen
PAK1,0.99668187,"OncoKB, OnGene, IntOGen"
POU2F1,0.99646074,IntOGen
RAB3GAP2,0.99636036,IntOGen
RPS27A,0.9963147,NCG
SCRIB,0.99630547,IntOGen
RICTOR,0.9962852,"OncoKB, NCG, IntOGen"
SUMF1,0.9962476,IntOGen
TRAF2,0.99614775,"OncoKB, NCG, IntOGen"
STAG1,0.99550927,"OncoKB, NCG, IntOGen"
DOCK1,0.9951905,IntOGen
RBBP6,0.9951409,"NCG, IntOGen"
RELA,0.9949877,"NCG, IntOGen"
PSMD11,0.9949333,IntOGen
PRKAR1B,0.9944254,IntOGen
LRP5,0.99436593,"OncoKB, IntOGen"
NUP210,0.994107,IntOGen
UPF1,0.9932989,"OncoKB, IntOGen"
SLC9A3R1,0.99311274,NCG
PLOD1,0.99292976,IntOGen
UBC,0.9928912,IntOGen
GBE1,0.99285734,"NCG, IntOGen"
NUP107,0.9924528,IntOGen
TFDP1,0.9920665,"NCG, IntOGen"
RBPJ,0.9917157,"NCG, IntOGen"
NUMB,0.991359,"NCG, IntOGen"
SMURF1,0.9912732,"OnGene, IntOGen"
SMC6,0.99124146,IntOGen
SRSF9,0.9911137,NCG
PRKCE,0.9911135,OnGene
RPL18A,0.9909304,NCG
IQGAP1,0.99086636,"OncoKB, NCG, IntOGen"
RPRD2,0.9906379,IntOGen
LMO7,0.9905468,IntOGen
UBE2I,0.990148,IntOGen
CNOT1,0.9901287,"NCG, IntOGen"
